officeName,address,city,state,zipcode,phone,lat,long
National Headquarters,"1615 M Street, NW",Washington,DC,20036,800-843-9453,38.876429,-77.0333009
Alaska Headquarters,705 Christensen Drive,Anchorage,AK,99501,907-272-9453,64.2008413,-149.4936733
California/Nevada Headquarters,"250 Montgomery Street, Suite 210",San Francisco,CA,94104,415-398-1111,36.778261,-119.4179324
Los Angeles Office,"117 East Colorado Blvd., Suite 640",Pasadena,CA,91105,213-514-4030,34.1461052,-118.1479561
Denver Office,"1660 Wynkoop Street, Suite 850",Denver,CO,80202,303-650-5818,39.7520917,-105.0001225
Durango Office,"1309 East 3rd Avenue, Suite 36",Durango,CO,81301,970-247-8788,37.277623,-107.8770452
Montana Headquarters,503 West Mendenhall Street,Bozeman,MT,59715,406-586-1600,46.8796822,-110.3625658
North Carolina Headquarters,474 West Main Street,Sylva,NC,28779,828-587-9453,35.7595731,-79.0192997
Idaho Headquarters,"950 West Bannock Street, Suite 605",Boise,ID,83702,208-343-8153,44.0682019,-114.7420408
New Mexico Headquarters,3602 Campus Blvd. NE,Albuquerque,NM,87106,505-247-0834,35.1508175,-106.5531935
Washington Headquarters,"720 3rd Ave, Suite 1410",Seattle,WA,98104,206-624-6430,38.9071923,-77.0368707
Maine Office,"9 Union Street, Second Floor",Hallowell,ME,4347, 207-240-8034,45.253783,-69.4454689
